week,1,4,6
Polygonal cell #,2.1186,1.2423,0.4223
Small cell #,0.5564,0.2484,1.8349
Spread cell #,2.0936,2.8159,2.097
O (others),0.6313,0.1932,0.1456
Yield,37.85,19.25,20.25
,,,
Growth rate (/day),300.7117241,51.33333333,95.89739374
,72.5,216,121.63
Polygonal & Small,2.675,1.4907,2.2572
P&Sm/Sp,1.277703477,0.529386697,1.07639485
ABO-C,3.2127,0.868,2.3058
P&Sm-Sp,2.5814,0.6748,2.1602
A*B/C,0.563044058,0.109587457,0.369517535
